Nom;Equip;Posicio;Alcada;Pes;Edat
Adam Donachie;BAL;Base;78.27;171.00;22.99
Paul Bako;BAL;Base;78.27;204.25;34.69
Ramon Hernandez;BAL;Base;76.15;199.50;30.78
Kevin Millar;BAL;Pivot;76.15;199.50;35.43
Chris Gomez;BAL;Pivot;77.21;178.60;35.71
Brian Roberts;BAL;Aler;72.98;167.20;29.39
Miguel Tejada;BAL;Ala-pivot;72.98;198.55;30.77
Melvin Mora;BAL;Aler;75.10;190.00;35.07
Aubrey Huff;BAL;Aler;80.38;219.45;30.19
Adam Stern;BAL;Escorta;75.10;171.00;27.05
Jeff Fiorentino;BAL;Escorta;77.21;178.60;23.88
Freddie Bynum;BAL;Escorta;77.21;171.00;26.96
Nick Markakis;BAL;Escorta;78.27;175.75;23.29
Brandon Fahey;BAL;Escorta;78.27;152.00;26.11
Corey Patterson;BAL;Escorta;72.98;171.00;27.55
Jay Payton;BAL;Escorta;74.04;175.75;34.27
Jay Gibbons;BAL;Aler;76.15;187.15;30
Erik Bedard;BAL;Base;77.21;179.55;27.99
Hayden Penn;BAL;Base;79.33;175.75;22.38
Adam Loewen;BAL;Base;82.50;208.05;22.89
Daniel Cabrera;BAL;Base;83.56;218.50;25.76
Steve Trachsel;BAL;Base;80.38;194.75;36.33
Jaret Wright;BAL;Base;78.27;218.50;31.17
Kris Benson;BAL;Base;80.38;185.25;32.31
Scott Williamson;BAL;Pivot;76.15;171.00;31.03
John Parrish;BAL;Pivot;75.10;182.40;29.26
Danys Baez;BAL;Pivot;79.33;213.75;29.47
Chad Bradford;BAL;Pivot;81.44;192.85;32.46
Jamie Walker;BAL;Pivot;78.27;185.25;35.67
Brian Burres;BAL;Pivot;77.21;172.90;25.89
Kurt Birkins;BAL;Pivot;78.27;178.60;26.55
James Hoey;BAL;Pivot;82.50;190.00;24.17
Sendy Rleal;BAL;Pivot;77.21;171.00;26.69
Chris Ray;BAL;Pivot;79.33;190.00;25.13
Jeremy Guthrie;BAL;Pivot;77.21;190.00;27.9
A.J. Pierzynski;CWS;Base;79.33;232.75;30.17
Toby Hall;CWS;Base;79.33;228.00;31.36
Paul Konerko;CWS;Pivot;78.27;204.25;30.99
Tadahito Iguchi;CWS;Aler;72.98;175.75;32.24
Juan Uribe;CWS;Ala-pivot;75.10;166.25;27.61
Alex Cintron;CWS;Ala-pivot;78.27;189.05;28.2
Joe Crede;CWS;Aler;77.21;190.00;28.85
Josh Fields;CWS;Aler;77.21;204.25;24.21
Ryan Sweeney;CWS;Escorta;80.38;190.00;22.02
Brian N. Anderson;CWS;Escorta;78.27;194.75;24.97
Luis Terrero;CWS;Escorta;78.27;195.70;26.78
Pablo Ozuna;CWS;Escorta;74.04;176.70;32.51
Scott Podsednik;CWS;Escorta;76.15;178.60;30.95
Jermaine Dye;CWS;Escorta;81.44;209.00;33.09
Darin Erstad;CWS;Escorta;78.27;199.50;32.74
Rob Mackowiak;CWS;Escorta;74.04;185.25;30.69
Jim Thome;CWS;Aler;80.38;231.80;36.51
Jerry Owens;CWS;Aler;79.33;185.25;26.03
Charlie Haeger;CWS;Base;77.21;190.00;23.45
Heath Phillips;CWS;Base;79.33;190.00;24.94
Gavin Floyd;CWS;Base;80.38;201.40;24.09
Jose Contreras;CWS;Base;80.38;212.80;35.23
Jon Garland;CWS;Base;82.50;199.50;27.43
Javier Vazquez;CWS;Base;78.27;194.75;30.6
Mark Buehrle;CWS;Base;78.27;209.00;27.94
Mike MacDougal;CWS;Pivot;80.38;185.25;29.99
David Aardsma;CWS;Pivot;81.44;190.00;25.17
Andrew Sisco;CWS;Pivot;85.67;247.00;24.13
Matt Thornton;CWS;Pivot;82.50;216.60;30.46
Bobby Jenks;CWS;Pivot;79.33;256.50;25.96
Boone Logan;CWS;Pivot;81.44;190.00;22.55
Sean Tracey;CWS;Pivot;79.33;199.50;26.29
Nick Masset;CWS;Pivot;80.38;180.50;24.79
Jose Molina;ANA;Base;78.27;209.00;31.74
Jeff Mathis;ANA;Base;76.15;171.00;23.92
Mike Napoli;ANA;Base;76.15;194.75;25.33
Casey Kotchman;ANA;Pivot;79.33;199.50;24.02
Kendry Morales;ANA;Pivot;77.21;209.00;23.7
Shea Hillenbrand;ANA;Pivot;77.21;200.45;31.59
Robb Quinlan;ANA;Pivot;77.21;190.00;29.95
Howie Kendrick;ANA;Pivot;74.04;171.00;23.64
Orlando Cabrera;ANA;Ala-pivot;74.04;180.50;32.33
Erick Aybar;ANA;Ala-pivot;74.04;161.50;23.13
Dallas McPherson;ANA;Aler;80.38;218.50;26.6
Maicer Izturis;ANA;Aler;71.92;147.25;26.46
Reggie Willits;ANA;Escorta;75.10;175.75;25.75
Tommy Murphy;ANA;Escorta;76.15;175.75;27.51
Terry Evans;ANA;Escorta;79.33;190.00;25.11
Gary Matthews Jr.;ANA;Escorta;79.33;213.75;32.51
Garret Anderson;ANA;Escorta;79.33;213.75;34.67
Vladimir Guerrero;ANA;Escorta;79.33;209.00;31.06
Chone Figgins;ANA;Escorta;71.92;152.00;29.1
Juan Rivera;ANA;Escorta;78.27;194.75;28.66
John Lackey;ANA;Base;82.50;223.25;28.35
Bartolo Colon;ANA;Base;75.10;237.50;33.77
Kelvim Escobar;ANA;Base;77.21;199.50;30.89
Dustin Moseley;ANA;Base;80.38;180.50;37.74
Ervin Santana;ANA;Base;78.27;152.00;24.14
Joe Saunders;ANA;Base;78.27;190.00;25.71
Jered Weaver;ANA;Base;83.56;194.75;24.41
Chris Resop;ANA;Pivot;79.33;210.90;24.32
Phil Seibel;ANA;Pivot;77.21;185.25;28.09
Justin Speier;ANA;Pivot;80.38;194.75;33.31
Darren Oliver;ANA;Pivot;78.27;209.00;36.4
Hector Carrasco;ANA;Pivot;78.27;209.00;37.36
Scot Shields;ANA;Pivot;77.21;161.50;31.61
Francisco Rodriguez;ANA;Pivot;76.15;175.75;25.14
Greg Jones;ANA;Pivot;78.27;185.25;30.29
Doug Mirabelli;BOS;Base;77.21;209.00;36.37
Jason Varitek;BOS;Base;78.27;218.50;34.89
George Kottaras;BOS;Base;76.15;171.00;23.79
Kevin Youkilis;BOS;Pivot;77.21;209.00;27.96
Dustin Pedroia;BOS;Aler;72.98;171.00;23.54
Alex Cora;BOS;Ala-pivot;76.15;171.00;31.37
Julio Lugo;BOS;Ala-pivot;77.21;161.50;31.29
Mike Lowell;BOS;Aler;79.33;199.50;33.01
Wily Mo Pe?a;BOS;Escorta;79.33;204.25;25.1
J.D. Drew;BOS;Escorta;77.21;190.00;31.28
Manny Ramirez;BOS;Escorta;76.15;202.35;34.75
Brandon Moss;BOS;Escorta;76.15;171.00;23.46
David Murphy;BOS;Escorta;80.38;182.40;25.37
Eric Hinske;BOS;Escorta;78.27;223.25;29.57
Coco Crisp;BOS;Escorta;76.15;175.75;27.33
David Ortiz;BOS;Aler;80.38;218.50;31.28
Curt Schilling;BOS;Base;81.44;223.25;40.29
Tim Wakefield;BOS;Base;78.27;199.50;40.58
Josh Beckett;BOS;Base;81.44;210.90;26.79
Matt Clement;BOS;Base;79.33;199.50;32.55
Jonathan Papelbon;BOS;Base;80.38;218.50;26.27
Kyle Snyder;BOS;Base;84.62;209.00;29.47
Devern Hansack;BOS;Base;78.27;171.00;29.07
Jon Lester;BOS;Base;78.27;180.50;23.15
Kason Gabbard;BOS;Base;79.33;190.00;24.9
Craig Hansen;BOS;Pivot;82.50;199.50;23.29
Hideki Okajima;BOS;Pivot;77.21;184.30;31.18
Craig Breslow;BOS;Pivot;77.21;171.00;26.56
Manny Delcarmen;BOS;Pivot;78.27;180.50;25.03
Brendan Donnelly;BOS;Pivot;79.33;228.00;35.66
Javier Lopez;BOS;Pivot;80.38;190.00;29.64
J.C. Romero;BOS;Pivot;75.10;188.10;30.74
Joel Pineiro;BOS;Pivot;77.21;190.00;28.43
Julian Tavarez;BOS;Pivot;78.27;185.25;33.77
Mike Timlin;BOS;Pivot;80.38;199.50;40.97
Nick DeBarr;BOS;Pivot;80.38;209.00;23.52
Victor Martinez;CLE;Base;78.27;180.50;28.19
Kelly Shoppach;CLE;Base;77.21;199.50;26.84
Ryan Garko;CLE;Pivot;78.27;213.75;26.16
Joe Inglett;CLE;Aler;74.04;171.00;28.67
Josh Barfield;CLE;Aler;76.15;175.75;24.2
Hector Luna;CLE;Aler;77.21;161.50;27.08
Jhonny Peralta;CLE;Ala-pivot;77.21;175.75;24.76
Andy Marte;CLE;Aler;77.21;175.75;23.36
Ben Francisco;CLE;Escorta;77.21;171.00;25.35
Shin-Soo Choo;CLE;Escorta;75.10;169.10;24.63
Franklin Gutierrez;CLE;Escorta;78.27;166.25;24.02
Grady Sizemore;CLE;Escorta;78.27;190.00;24.58
Jason Michaels;CLE;Escorta;76.15;193.80;30.82
Trot Nixon;CLE;Escorta;78.27;200.45;32.89
David Dellucci;CLE;Escorta;75.10;180.50;33.33
Casey Blake;CLE;Escorta;78.27;199.50;33.52
Travis Hafner;CLE;Aler;79.33;228.00;29.74
Paul Byrd;CLE;Base;77.21;180.50;36.24
Cliff Lee;CLE;Base;79.33;180.50;28.5
Jake Westbrook;CLE;Base;79.33;175.75;29.42
C.C. Sabathia;CLE;Base;83.56;275.50;26.61
Jeremy Sowers;CLE;Base;77.21;166.25;23.79
Rafael Perez;CLE;Pivot;79.33;175.75;24.96
Brian Slocum;CLE;Pivot;80.38;190.00;25.93
Edward Mujica;CLE;Pivot;78.27;209.00;22.81
Fernando Cabrera;CLE;Pivot;80.38;161.50;25.29
Tom Mastny;CLE;Pivot;82.50;209.00;26.07
Juan Lara;CLE;Pivot;78.27;180.50;26.09
Fausto Carmona;CLE;Pivot;80.38;209.00;23.23
Aaron Fultz;CLE;Pivot;76.15;194.75;33.49
Rafael Betancourt;CLE;Pivot;78.27;190.00;31.84
Roberto Hernandez;CLE;Pivot;80.38;237.50;42.3
Joe Borowski;CLE;Pivot;78.27;213.75;35.82
Matt Miller;CLE;Pivot;79.33;204.25;35.27
Jason Davis;CLE;Pivot;82.50;199.50;26.81
Mike Piazza;OAK;Base;79.33;204.25;38.49
Jason Kendall;OAK;Base;76.15;185.25;32.68
Adam Melhuse;OAK;Base;78.27;190.00;34.93
Nick Swisher;OAK;Pivot;76.15;184.30;26.26
Dan Johnson;OAK;Pivot;78.27;209.00;27.56
Donald Murphy;OAK;Aler;74.04;171.00;23.98
Mark Ellis;OAK;Aler;75.10;171.00;29.73
Marco Scutaro;OAK;Ala-pivot;74.04;161.50;31.33
Bobby Crosby;OAK;Ala-pivot;79.33;185.25;27.13
Mark Kiger;OAK;Ala-pivot;75.10;171.00;26.75
Antonio Perez;OAK;Aler;75.10;161.50;27.09
Eric Chavez;OAK;Aler;77.21;195.70;29.23
Milton Bradley;OAK;Escorta;76.15;194.75;28.88
Shannon Stewart;OAK;Escorta;75.10;190.00;33.01
Bobby Kielty;OAK;Escorta;77.21;213.75;30.57
Mark Kotsay;OAK;Escorta;76.15;190.95;31.24
Ryan Goleski;OAK;Escorta;79.33;213.75;24.95
Jeremy Brown;OAK;Aler;74.04;214.70;27.35
Jason Windsor;OAK;Base;78.27;221.35;24.62
David Shafer;OAK;Base;78.27;171.00;24.98
Joe Blanton;OAK;Base;79.33;213.75;26.22
Brad Halsey;OAK;Base;77.21;171.00;26.04
Dan Haren;OAK;Base;81.44;209.00;26.45
Rich Harden;OAK;Base;77.21;171.00;25.25
Joe Kennedy;OAK;Base;80.38;225.15;27.77
Esteban Loaiza;OAK;Base;79.33;204.25;35.16
Alan Embree;OAK;Pivot;78.27;180.50;37.1
Jay Witasick;OAK;Pivot;80.38;223.25;34.51
Justin Duchscherer;OAK;Pivot;79.33;180.50;29.28
Kiko Calero;OAK;Pivot;77.21;171.00;32.14
Chad Gaudin;OAK;Pivot;75.10;156.75;23.94
Lenny DiNardo;OAK;Pivot;80.38;185.25;27.45
Scott Dunn;OAK;Pivot;79.33;190.00;28.77
Huston Street;OAK;Pivot;76.15;180.50;23.58
Ron Flores;OAK;Pivot;75.10;180.50;27.56
Jay Marshall;OAK;Pivot;81.44;175.75;24.01
Marcus McBeth;OAK;Pivot;77.21;175.75;26.52
Jorge Posada;NYY;Base;78.27;194.75;35.54
Wil Nieves;NYY;Base;75.10;180.50;29.43
Andy Phillips;NYY;Pivot;76.15;194.75;29.9
Doug Mientkiewicz;NYY;Pivot;78.27;195.70;32.7
Josh Phelps;NYY;Pivot;79.33;209.00;28.8
Miguel Cairo;NYY;Aler;77.21;197.60;32.82
Robinson Cano;NYY;Aler;76.15;161.50;24.36
Derek Jeter;NYY;Ala-pivot;79.33;185.25;32.68
Alex Rodriguez;NYY;Aler;79.33;199.50;31.59
Johnny Damon;NYY;Escorta;78.27;180.50;33.32
Bobby Abreu;NYY;Escorta;76.15;200.45;32.97
Hideki Matsui;NYY;Escorta;78.27;218.50;32.72
Melky Cabrera;NYY;Escorta;75.10;161.50;22.55
Kevin Thompson;NYY;Escorta;74.04;175.75;27.45
Jason Giambi;NYY;Aler;79.33;218.50;36.14
Mike Mussina;NYY;Base;78.27;175.75;38.23
Carl Pavano;NYY;Base;81.44;228.95;31.14
Andy Pettitte;NYY;Base;81.44;213.75;34.71
Darrell Rasner;NYY;Base;79.33;199.50;26.13
Jeff Karstens;NYY;Base;79.33;166.25;24.43
Humberto Sanchez;NYY;Base;82.50;218.50;23.76
Chien-Ming Wang;NYY;Base;79.33;190.00;26.92
Sean Henn;NYY;Pivot;80.38;204.25;25.85
Scott Proctor;NYY;Pivot;77.21;188.10;30.16
Brian Bruney;NYY;Pivot;79.33;214.70;25.03
Chris Britton;NYY;Pivot;79.33;264.10;24.21
T.J. Beam;NYY;Pivot;83.56;204.25;26.51
Jose Veras;NYY;Pivot;81.44;218.50;26.36
Kyle Farnsworth;NYY;Pivot;80.38;228.00;30.88
Luis Vizcaino;NYY;Pivot;75.10;174.80;32.57
Mike Myers;NYY;Pivot;79.33;208.05;37.68
Mariano Rivera;NYY;Pivot;78.27;161.50;37.25
Ivan Rodriguez;DET;Base;72.98;207.10;35.25
Vance Wilson;DET;Base;75.10;180.50;33.95
Sean Casey;DET;Pivot;80.38;213.75;32.66
Chris Shelton;DET;Pivot;76.15;209.00;26.68
Omar Infante;DET;Aler;76.15;167.20;25.18
Placido Polanco;DET;Aler;74.04;180.50;31.39
Neifi Perez;DET;Aler;76.15;187.15;33.74
Carlos Guillen;DET;Ala-pivot;77.21;193.80;31.42
Ramon Santiago;DET;Ala-pivot;75.10;158.65;27.5
Tony Giarratano;DET;Ala-pivot;76.15;171.00;24.25
Brandon Inge;DET;Aler;75.10;185.25;29.78
Craig Monroe;DET;Escorta;77.21;209.00;30
Magglio Ordo?ez;DET;Escorta;76.15;204.25;33.09
Curtis Granderson;DET;Escorta;77.21;175.75;25.96
Brent Clevlen;DET;Escorta;78.27;180.50;23.34
Marcus Thames;DET;Escorta;78.27;194.75;29.98
Gary Sheffield;DET;Escorta;76.15;194.75;38.28
Mike Rabelo;DET;Aler;77.21;190.00;27.12
Zach Miner;DET;Base;79.33;190.00;24.97
Jeremy Bonderman;DET;Base;78.27;199.50;24.34
Nate Robertson;DET;Base;78.27;204.25;29.49
Justin Verlander;DET;Base;81.44;190.00;24.02
Virgil Vasquez;DET;Base;79.33;194.75;24.73
Kenny Rogers;DET;Base;77.21;200.45;42.3
Mike Maroth;DET;Base;76.15;180.50;29.54
Fernando Rodney;DET;Pivot;75.10;197.60;29.95
Chad Durbin;DET;Pivot;78.27;190.00;29.24
Jason Grilli;DET;Pivot;81.44;199.50;30.3
Jose Mesa;DET;Pivot;79.33;220.40;40.77
Todd Jones;DET;Pivot;79.33;218.50;38.85
Joel Zumaya;DET;Pivot;79.33;199.50;22.31
Jordan Tata;DET;Pivot;82.50;209.00;25.44
Andrew Miller;DET;Pivot;82.50;199.50;21.78
Yorman Bazardo;DET;Pivot;78.27;191.90;22.64
Wilfredo Ledezma;DET;Pivot;80.38;201.40;26.11
Roman Colon;DET;Pivot;82.50;213.75;27.55
Edward Campusano;DET;Pivot;80.38;161.50;24.63
Rene Rivera;SEA;Base;74.04;180.50;23.58
Kenji Johjima;SEA;Base;76.15;190.00;30.73
Richie Sexson;SEA;Pivot;84.62;225.15;32.17
Ben Broussard;SEA;Pivot;78.27;209.00;30.43
Jose Lopez;SEA;Aler;78.27;161.50;23.27
Jose Vidro;SEA;Aler;75.10;183.35;32.51
Yuniesky Betancourt;SEA;Ala-pivot;74.04;180.50;25.08
Oswaldo Navarro;SEA;Ala-pivot;76.15;142.50;22.41
Adrian Beltre;SEA;Aler;75.10;209.00;27.9
Raul Ibanez;SEA;Escorta;78.27;190.00;34.74
Jose Guillen;SEA;Escorta;75.10;180.50;30.79
Jeremy Reed;SEA;Escorta;76.15;175.75;25.71
Willie Bloomquist;SEA;Escorta;75.10;175.75;29.26
Adam Jones;SEA;Escorta;78.27;190.00;21.58
Ichiro Suzuki;SEA;Escorta;72.98;163.40;33.36
Mike Morse;SEA;Escorta;80.38;209.00;24.94
Felix Hernandez;SEA;Base;79.33;213.75;20.9
Ryan Feierabend;SEA;Base;79.33;180.50;21.52
Sean White;SEA;Base;80.38;185.25;25.85
Horacio Ramirez;SEA;Base;77.21;208.05;27.27
Cha Baek;SEA;Base;80.38;180.50;26.75
Miguel Batista;SEA;Base;77.21;187.15;36.03
Jeff Weaver;SEA;Base;81.44;190.00;30.52
Jarrod Washburn;SEA;Base;77.21;185.25;32.55
George Sherrill;SEA;Pivot;76.15;199.50;29.86
Julio Mateo;SEA;Pivot;76.15;168.15;29.58
J.J. Putz;SEA;Pivot;81.44;209.00;30.02
Chris Reitsma;SEA;Pivot;81.44;223.25;29.16
Cesar Jimenez;SEA;Pivot;75.10;171.00;22.3
Eric O'Flaherty;SEA;Pivot;78.27;185.25;22.06
Jon Huber;SEA;Pivot;78.27;185.25;25.65
Jake Woods;SEA;Pivot;77.21;180.50;25.49
Sean Green;SEA;Pivot;82.50;218.50;27.86
Mark Lowe;SEA;Pivot;79.33;180.50;23.73
Josh Paul;TB;Base;77.21;190.00;31.78
Dioner Navarro;TB;Base;74.04;180.50;23.06
Shawn Riggans;TB;Base;78.27;180.50;26.6
Ty Wigginton;TB;Pivot;76.15;190.00;29.39
Brendan Harris;TB;Aler;77.21;190.00;26.51
Jorge Cantu;TB;Aler;77.21;174.80;25.08
Ben Zobrist;TB;Ala-pivot;79.33;190.00;25.76
B.J. Upton;TB;Aler;79.33;171.00;22.52
Carl Crawford;TB;Escorta;78.27;208.05;25.57
Rocco Baldelli;TB;Escorta;80.38;177.65;25.43
Greg Norton;TB;Escorta;77.21;190.00;34.65
Elijah Dukes;TB;Escorta;78.27;209.00;22.68
Delmon Young;TB;Escorta;79.33;194.75;21.46
Jonny Gomes;TB;Aler;77.21;194.75;26.27
Edwin Jackson;TB;Base;79.33;180.50;23.47
Scott Kazmir;TB;Base;76.15;161.50;23.1
Casey Fossum;TB;Base;77.21;152.00;29.14
Jae Seo;TB;Base;77.21;204.25;29.77
J.P. Howell;TB;Base;76.15;166.25;23.85
Tim Corcoran;TB;Base;78.27;194.75;28.88
Jason Hammel;TB;Base;82.50;190.00;24.49
James Shields;TB;Base;80.38;203.30;25.19
Brian Stokes;TB;Base;77.21;190.00;27.48
Juan Salas;TB;Pivot;78.27;180.50;28.31
Jeff Ridgway;TB;Pivot;79.33;171.00;26.54
Ruddy Lugo;TB;Pivot;74.04;194.75;26.77
Jae-Kuk Ryu;TB;Pivot;79.33;209.00;23.75
Chad Orvella;TB;Pivot;75.10;180.50;26.41
Dan Miceli;TB;Pivot;76.15;204.25;36.47
Seth McClung;TB;Pivot;82.50;223.25;26.06
Jon Switzer;TB;Pivot;79.33;181.45;27.55
Shawn Camp;TB;Pivot;77.21;190.00;31.28
Scott Dohmann;TB;Pivot;77.21;171.95;29.04
Jason LaRue;KC;Base;75.10;190.00;32.95
John Buck;KC;Base;79.33;199.50;26.65
Ryan Shealy;KC;Pivot;81.44;228.00;27.5
Ross Gload;KC;Pivot;76.15;175.75;30.9
Esteban German;KC;Aler;72.98;156.75;29.09
Mark Grudzielanek;KC;Aler;77.21;180.50;36.67
Angel Sanchez;KC;Aler;78.27;175.75;23.44
Angel Berroa;KC;Ala-pivot;76.15;166.25;29.09
Andres Blanco;KC;Ala-pivot;74.04;147.25;22.89
Mark Teahen;KC;Aler;79.33;199.50;25.48
Joey Gathright;KC;Escorta;74.04;161.50;25.84
David DeJesus;KC;Escorta;76.15;166.25;27.2
Shane Costa;KC;Escorta;76.15;209.00;25.22
Mitch Maier;KC;Escorta;78.27;199.50;24.67
Reggie Sanders;KC;Escorta;77.21;194.75;39.25
Emil Brown;KC;Escorta;78.27;190.00;32.17
Mike Sweeney;KC;Aler;79.33;213.75;33.61
John Bale;KC;Base;80.38;194.75;32.77
Luke Hudson;KC;Base;79.33;185.25;29.83
Scott Elarton;KC;Base;84.62;228.00;31.02
Odalis Perez;KC;Base;76.15;142.50;29.73
Gil Meche;KC;Base;79.33;190.00;28.48
Neal Musser;KC;Base;77.21;204.25;26.51
Brian Bannister;KC;Base;78.27;191.90;26
Zack Greinke;KC;Base;78.27;190.00;23.36
Jorge De La Rosa;KC;Base;77.21;180.50;25.9
Todd Wellemeyer;KC;Pivot;79.33;194.75;28.5
Jimmy Gobble;KC;Pivot;79.33;180.50;25.62
Joel Peralta;KC;Pivot;75.10;152.00;30.94
Ryan Braun;KC;Pivot;77.21;204.25;26.59
Joakim Soria;KC;Pivot;79.33;175.75;22.78
Ken Ray;KC;Pivot;78.27;190.00;32.26
David Riske;KC;Pivot;78.27;180.50;30.35
Octavio Dotel;KC;Pivot;76.15;199.50;33.26
Joe Nelson;KC;Pivot;78.27;175.75;32.35
Gerald Laird;TEX;Base;78.27;209.00;27.3
Miguel Ojeda;TEX;Base;78.27;180.50;32.08
Guillermo Quiroz;TEX;Base;77.21;191.90;25.25
Chris Stewart;TEX;Base;80.38;194.75;25.03
Mark Teixeira;TEX;Pivot;79.33;209.00;26.89
Ian Kinsler;TEX;Aler;76.15;166.25;24.69
Joaquin Arias;TEX;Ala-pivot;77.21;152.00;22.44
Michael Young;TEX;Ala-pivot;77.21;180.50;30.36
Hank Blalock;TEX;Aler;77.21;190.00;26.27
Marlon Byrd;TEX;Escorta;76.15;217.55;29.5
Brad Wilkerson;TEX;Escorta;76.15;195.70;29.75
Sammy Sosa;TEX;Escorta;76.15;209.00;38.3
Kenny Lofton;TEX;Escorta;76.15;171.00;39.75
Frank Catalanotto;TEX;Escorta;75.10;185.25;32.84
Nelson Cruz;TEX;Escorta;79.33;166.25;26.66
Jason Botts;TEX;Aler;81.44;237.50;26.6
Robinson Tejeda;TEX;Base;79.33;178.60;24.94
John Rheinecker;TEX;Base;78.27;218.50;27.76
Edinson Volquez;TEX;Base;77.21;180.50;23.66
A.J. Murray;TEX;Base;79.33;190.00;24.96
Brandon McCarthy;TEX;Base;83.56;180.50;23.65
Vicente Padilla;TEX;Base;78.27;208.05;29.42
Kevin Millwood;TEX;Base;80.38;223.25;32.18
John Koronka;TEX;Base;77.21;171.00;26.66
Frank Francisco;TEX;Pivot;78.27;171.00;27.47
Francisco Cruceta;TEX;Pivot;78.27;171.00;25.66
Akinori Otsuka;TEX;Pivot;76.15;190.00;35.13
Eric Gagne;TEX;Pivot;78.27;222.30;31.15
Ron Mahay;TEX;Pivot;78.27;175.75;35.67
Joaquin Benoit;TEX;Pivot;79.33;209.00;29.6
Rick Bauer;TEX;Pivot;82.50;211.85;30.14
Josh Rupe;TEX;Pivot;78.27;190.00;24.53
Wes Littleton;TEX;Pivot;78.27;199.50;24.49
C.J. Wilson;TEX;Pivot;78.27;190.00;26.28
Scott Feldman;TEX;Pivot;81.44;199.50;24.06
Gregg Zaun;TOR;Base;74.04;180.50;35.88
Jason Phillips;TOR;Base;77.21;168.15;30.42
Lyle Overbay;TOR;Pivot;78.27;215.65;30.09
Russ Adams;TOR;Aler;77.21;171.00;26.5
Aaron Hill;TOR;Aler;75.10;185.25;24.94
Jason Smith;TOR;Aler;79.33;189.05;29.6
John McDonald;TOR;Ala-pivot;75.10;166.25;32.43
Royce Clayton;TOR;Ala-pivot;76.15;175.75;37.16
Troy Glaus;TOR;Aler;81.44;228.00;30.57
John Hattig;TOR;Aler;78.27;199.50;27.01
Reed Johnson;TOR;Escorta;74.04;171.00;30.23
Alex Rios;TOR;Escorta;81.44;184.30;26.03
Vernon Wells;TOR;Escorta;77.21;213.75;28.23
Frank Thomas;TOR;Aler;81.44;261.25;38.76
Adam Lind;TOR;Aler;78.27;185.25;23.62
Shaun Marcum;TOR;Base;76.15;171.00;25.21
Casey Janssen;TOR;Base;80.38;194.75;25.45
Gustavo Chacin;TOR;Base;75.10;183.35;26.24
A.J. Burnett;TOR;Base;80.38;218.50;30.15
Roy Halladay;TOR;Base;82.50;218.50;29.8
John Thomson;TOR;Base;79.33;209.00;33.41
Tomo Ohka;TOR;Base;77.21;190.00;30.95
B.J. Ryan;TOR;Pivot;82.50;236.55;31.17
Scott Downs;TOR;Pivot;78.27;180.50;30.95
Brian Tallet;TOR;Pivot;83.56;197.60;29.44
Matt Roney;TOR;Pivot;79.33;232.75;27.14
Tracy Thorpe;TOR;Pivot;80.38;237.50;26.21
Jean Machi;TOR;Pivot;76.15;152.00;24.08
Brandon League;TOR;Pivot;79.33;182.40;23.96
Dustin McGowan;TOR;Pivot;79.33;209.00;24.94
Jason Frasor;TOR;Pivot;74.04;161.50;29.56
Francisco Rosario;TOR;Pivot;76.15;187.15;26.42
Davis Romero;TOR;Pivot;74.04;147.25;23.92
Jeremy Accardo;TOR;Pivot;78.27;180.50;25.23
Mike Redmond;MIN;Base;75.10;190.00;35.82
Joe Mauer;MIN;Base;80.38;209.00;23.87
Chris Heintz;MIN;Base;77.21;199.50;32.57
Justin Morneau;MIN;Pivot;80.38;216.60;25.79
Luis Castillo;MIN;Aler;75.10;180.50;31.47
Alexi Casilla;MIN;Aler;72.98;152.00;22.61
Alejandro Machado;MIN;Aler;76.15;174.80;24.85
Jason Bartlett;MIN;Ala-pivot;76.15;171.00;27.33
Luis Rodriguez;MIN;Aler;72.98;171.00;26.67
Jeff Cirillo;MIN;Aler;77.21;190.00;37.43
Nick Punto;MIN;Aler;72.98;167.20;29.31
Jason Tyner;MIN;Escorta;77.21;152.00;29.85
Michael Cuddyer;MIN;Escorta;78.27;210.90;27.93
Torii Hunter;MIN;Escorta;78.27;200.45;31.62
Lew Ford;MIN;Escorta;76.15;185.25;30.55
Jason Kubel;MIN;Escorta;75.10;190.00;24.77
Josh Rabe;MIN;Aler;78.27;199.50;28.38
Rondell White;MIN;Aler;77.21;213.75;35.02
Ramon Ortiz;MIN;Base;76.15;166.25;33.77
Johan Santana;MIN;Base;76.15;195.70;27.97
Carlos Silva;MIN;Base;80.38;228.00;27.85
Matt Garza;MIN;Base;80.38;175.75;23.26
Boof Bonser;MIN;Base;80.38;247.00;25.38
Francisco Liriano;MIN;Base;78.27;175.75;23.35
Scott Baker;MIN;Base;80.38;209.95;25.45
Pat Neshek;MIN;Pivot;79.33;194.75;26.49
Glen Perkins;MIN;Pivot;75.10;190.00;24
Julio DePaula;MIN;Pivot;76.15;161.50;24.16
Juan Rincon;MIN;Pivot;75.10;190.95;28.1
Jesse Crain;MIN;Pivot;77.21;194.75;25.65
Matt Guerrier;MIN;Pivot;79.33;175.75;28.58
Joe Nathan;MIN;Pivot;80.38;194.75;32.27
Dennys Reyes;MIN;Pivot;79.33;232.75;29.86
Brayan Pe?a;ATL;Base;75.10;209.00;25.14
Brian McCann;ATL;Base;79.33;199.50;23.03
Craig Wilson;ATL;Pivot;78.27;209.00;30.25
Chris Woodward;ATL;Aler;76.15;175.75;30.67
Pete Orr;ATL;Aler;77.21;166.25;27.73
Martin Prado;ATL;Aler;77.21;161.50;23.34
Tony Pe?a;ATL;Ala-pivot;77.21;171.00;25.94
Edgar Renteria;ATL;Ala-pivot;77.21;190.00;31.56
Chipper Jones;ATL;Aler;80.38;199.50;34.85
Willy Aybar;ATL;Aler;76.15;166.25;23.98
Jeff Francoeur;ATL;Escorta;80.38;209.00;23.14
Matt Diaz;ATL;Escorta;77.21;195.70;28.99
Kelly Johnson;ATL;Escorta;77.21;171.00;25.02
Andruw Jones;ATL;Escorta;77.21;199.50;29.85
Ryan Langerhans;ATL;Escorta;79.33;185.25;27.03
Scott Thorman;ATL;Escorta;79.33;190.00;25.15
T.J. Bohn;ATL;Escorta;81.44;190.00;27.12
Tim Hudson;ATL;Base;77.21;155.80;31.63
Jonathan Johnson;ATL;Base;76.15;171.00;32.62
John Smoltz;ATL;Base;79.33;209.00;39.79
Mike Hampton;ATL;Base;74.04;185.25;34.47
Kyle Davies;ATL;Base;78.27;194.75;23.47
Chuck James;ATL;Base;76.15;161.50;25.31
Phil Stockman;ATL;Pivot;84.62;228.00;27.1
Macay McBride;ATL;Pivot;75.10;199.50;24.35
Joey Devine;ATL;Pivot;75.10;185.25;23.45
Peter Moylan;ATL;Pivot;78.27;190.00;28.24
Mike Gonzalez;ATL;Pivot;78.27;194.75;28.77
Lance Cormier;ATL;Pivot;77.21;182.40;26.53
Blaine Boyer;ATL;Pivot;79.33;180.50;25.64
Manny Acosta;ATL;Pivot;80.38;161.50;25.83
Bob Wickman;ATL;Pivot;77.21;228.00;38.06
Tanyon Sturtze;ATL;Pivot;81.44;190.00;36.38
Oscar Villarreal;ATL;Pivot;76.15;194.75;25.27
Rafael Soriano;ATL;Pivot;77.21;166.25;27.2
Chad Paronto;ATL;Pivot;81.44;237.50;31.59
Tyler Yates;ATL;Pivot;80.38;209.00;29.56
Henry Blanco;CHC;Base;75.10;212.80;35.5
Michael Barrett;CHC;Base;79.33;199.50;30.35
Geovany Soto;CHC;Base;77.21;185.25;24.11
Scott Moore;CHC;Pivot;78.27;171.00;23.29
Derrek Lee;CHC;Pivot;81.44;232.75;31.48
Ryan Theriot;CHC;Aler;75.10;166.25;27.23
Ronny Cedeno;CHC;Ala-pivot;76.15;171.00;24.07
Aramis Ramirez;CHC;Aler;77.21;204.25;28.68
Cesar Izturis;CHC;Aler;72.98;166.25;27.05
Alfonso Soriano;CHC;Escorta;77.21;171.00;31.15
Jacque Jones;CHC;Escorta;74.04;185.25;31.85
Daryle Ward;CHC;Escorta;78.27;218.50;31.68
Cliff Floyd;CHC;Escorta;80.38;218.50;34.23
Mark DeRosa;CHC;Escorta;77.21;194.75;32.01
Matt Murton;CHC;Escorta;77.21;204.25;25.41
Buck Coats;CHC;Escorta;79.33;185.25;24.73
Angel Pagan;CHC;Escorta;77.21;171.00;25.66
Sean Marshall;CHC;Base;83.56;194.75;24.5
Carlos Marmol;CHC;Base;78.27;171.00;24.38
Ryan O'Malley;CHC;Base;77.21;180.50;26.89
Juan Mateo;CHC;Base;78.27;171.00;24.2
Rich Hill;CHC;Base;81.44;180.50;26.97
Angel Guzman;CHC;Base;79.33;180.50;25.21
Wade Miller;CHC;Base;78.27;209.00;30.46
Jason Marquis;CHC;Base;77.21;199.50;28.53
Carlos Zambrano;CHC;Base;81.44;242.25;25.75
Ted Lilly;CHC;Base;77.21;180.50;31.15
Mark Prior;CHC;Base;81.44;218.50;26.48
Neal Cotts;CHC;Pivot;78.27;190.00;26.93
Will Ohman;CHC;Pivot;78.27;194.75;29.55
Scott Eyre;CHC;Pivot;77.21;199.50;34.75
Kerry Wood;CHC;Pivot;81.44;213.75;29.71
Ryan Dempster;CHC;Pivot;78.27;204.25;29.83
Bob Howry;CHC;Pivot;81.44;209.00;33.57
Mike Wuertz;CHC;Pivot;79.33;194.75;28.21
Roberto Novoa;CHC;Pivot;81.44;190.00;27.54
Chris Snyder;ARZ;Base;79.33;209.00;26.05
Miguel Montero;ARZ;Base;75.10;187.15;23.64
Conor Jackson;ARZ;Pivot;78.27;213.75;24.82
Robby Hammock;ARZ;Pivot;74.04;177.65;29.8
Tony Clark;ARZ;Pivot;83.56;232.75;34.71
Orlando Hudson;ARZ;Aler;76.15;175.75;29.22
Stephen Drew;ARZ;Ala-pivot;76.15;175.75;23.96
Alberto Callaspo;ARZ;Ala-pivot;74.04;166.25;23.87
Chad Tracy;ARZ;Aler;78.27;190.00;26.77
Chris Young;ARZ;Escorta;78.27;171.00;23.49
Scott Hairston;ARZ;Escorta;76.15;178.60;26.77
Carlos Quentin;ARZ;Escorta;77.21;213.75;24.51
Jeff DaVanon;ARZ;Escorta;76.15;190.00;33.23
Eric Byrnes;ARZ;Escorta;78.27;199.50;31.04
Livan Hernandez;ARZ;Base;78.27;232.75;32.02
Doug Davis;ARZ;Base;80.38;202.35;31.44
Randy Johnson;ARZ;Base;86.73;219.45;43.47
Juan Cruz;ARZ;Base;78.27;156.75;28.38
Brandon Webb;ARZ;Base;78.27;216.60;27.81
Enrique Gonzalez;ARZ;Base;74.04;199.50;24.57
Dana Eveland;ARZ;Base;77.21;237.50;23.34
Brandon Medders;ARZ;Pivot;77.21;181.45;27.09
Tony Pe?a;ARZ;Pivot;78.27;180.50;25.14
Doug Slaten;ARZ;Pivot;81.44;190.00;27.07
Edgar Gonzalez;ARZ;Pivot;76.15;204.25;24.02
Jose Valverde;ARZ;Pivot;80.38;241.30;27.6
Jorge Julio;ARZ;Pivot;77.21;220.40;27.99
Brandon Lyon;ARZ;Pivot;77.21;171.00;27.56
Miguel Olivo;FLA;Base;76.15;204.25;28.63
Matt Treanor;FLA;Base;78.27;209.00;30.99
Mike Jacobs;FLA;Pivot;78.27;171.00;26.33
Dan Uggla;FLA;Aler;75.10;190.00;26.97
Robert Andino;FLA;Ala-pivot;76.15;161.50;22.85
Hanley Ramirez;FLA;Ala-pivot;79.33;185.25;23.19
Miguel Cabrera;FLA;Aler;78.27;199.50;23.87
Aaron Boone;FLA;Aler;78.27;190.00;33.98
Joe Borchard;FLA;Escorta;81.44;209.00;28.26
Alfredo Amezaga;FLA;Escorta;74.04;156.75;29.12
Cody Ross;FLA;Escorta;75.10;171.00;26.18
Josh Willingham;FLA;Escorta;77.21;190.00;28.03
Jeremy Hermida;FLA;Escorta;80.38;190.00;23.08
Eric Reed;FLA;Escorta;75.10;161.50;26.24
Reggi Abercrombie;FLA;Escorta;79.33;212.80;26.63
Ricky Nolasco;FLA;Base;78.27;209.00;24.21
Anibal Sanchez;FLA;Base;76.15;171.00;23.01
Scott Olsen;FLA;Base;80.38;188.10;23.13
Josh Johnson;FLA;Base;83.56;228.00;23.08
Dontrelle Willis;FLA;Base;80.38;227.05;25.13
Logan Kensing;FLA;Pivot;77.21;175.75;24.66
Sergio Mitre;FLA;Pivot;80.38;199.50;26.03
Kevin Gregg;FLA;Pivot;82.50;209.00;28.7
Travis Bowyer;FLA;Pivot;79.33;190.00;25.57
Renyel Pinto;FLA;Pivot;80.38;185.25;24.65
Randy Messenger;FLA;Pivot;76.15;209.00;25.55
Yusmeiro Petit;FLA;Pivot;76.15;218.50;22.27
Carlos Martinez;FLA;Pivot;77.21;161.50;24.76
Taylor Tankersley;FLA;Pivot;77.21;209.00;23.98
Henry Owens;FLA;Pivot;79.33;218.50;27.85
Jose Garcia;FLA;Pivot;75.10;156.75;22.14
Matt Lindstrom;FLA;Pivot;80.38;194.75;27.05
Javier Valentin;CIN;Base;74.04;182.40;31.45
Chad Moeller;CIN;Base;79.33;199.50;32.03
David Ross;CIN;Base;78.27;194.75;29.95
Joey Votto;CIN;Pivot;79.33;190.00;23.47
Scott Hatteberg;CIN;Pivot;77.21;199.50;37.21
Brandon Phillips;CIN;Aler;75.10;175.75;25.67
Juan Castro;CIN;Ala-pivot;75.10;185.25;34.69
Alex Gonzalez;CIN;Ala-pivot;76.15;191.90;30.04
Mark Bellhorn;CIN;Aler;77.21;194.75;32.52
Edwin Encarnacion;CIN;Aler;77.21;185.25;24.15
Jeff Keppinger;CIN;Aler;76.15;171.00;26.86
Norris Hopper;CIN;Escorta;72.98;190.00;27.94
Chris Denorfia;CIN;Escorta;77.21;175.75;26.63
Adam Dunn;CIN;Escorta;82.50;228.00;27.31
Bubba Crosby;CIN;Escorta;75.10;175.75;30.55
Jeff Conine;CIN;Escorta;77.21;209.00;40.68
Ken Griffey Jr.;CIN;Escorta;79.33;194.75;37.27
Josh Hamilton;CIN;Escorta;80.38;194.75;25.78
Ryan Freel;CIN;Escorta;74.04;171.00;30.98
Kyle Lohse;CIN;Base;78.27;190.95;28.41
Bronson Arroyo;CIN;Base;81.44;180.50;30.01
Eric Milton;CIN;Base;79.33;197.60;31.57
Aaron Harang;CIN;Base;83.56;228.00;28.81
Kirk Saarloos;CIN;Base;76.15;209.00;27.77
Elizardo Ramirez;CIN;Base;76.15;171.00;24.09
Todd Coffey;CIN;Pivot;81.44;218.50;26.47
Brian Shackelford;CIN;Pivot;77.21;185.25;30.5
Bill Bray;CIN;Pivot;79.33;204.25;23.74
Bobby Livingston;CIN;Pivot;79.33;180.50;24.49
Matt Belisle;CIN;Pivot;79.33;185.25;26.73
Gary Majewski;CIN;Pivot;77.21;204.25;27.01
Mike Stanton;CIN;Pivot;77.21;204.25;39.75
Brad Salmon;CIN;Pivot;80.38;209.00;27.16
Jared Burton;CIN;Pivot;81.44;209.00;25.74
David Weathers;CIN;Pivot;79.33;218.50;37.43
Rheal Cormier;CIN;Pivot;74.04;185.25;39.85
Yorvit Torrealba;COL;Base;75.10;180.50;28.62
Chris Iannetta;COL;Base;75.10;185.25;23.9
Alvin Colina;COL;Base;79.33;198.55;25.18
Todd Helton;COL;Pivot;78.27;193.80;33.53
Jamey Carroll;COL;Aler;72.98;161.50;33.03
Kaz Matsui;COL;Aler;74.04;175.75;31.35
Troy Tulowitzki;COL;Ala-pivot;79.33;194.75;22.39
Clint Barmes;COL;Ala-pivot;76.15;166.25;27.99
Garrett Atkins;COL;Aler;79.33;199.50;27.22
Ryan Spilborghs;COL;Escorta;77.21;180.50;27.49
Cory Sullivan;COL;Escorta;76.15;171.00;27.53
Jeff Salazar;COL;Escorta;76.15;171.00;26.26
Willy Taveras;COL;Escorta;76.15;152.00;25.18
Matt Holliday;COL;Escorta;80.38;223.25;27.12
Brad Hawpe;COL;Escorta;79.33;190.00;27.69
Jeff Baker;COL;Escorta;78.27;199.50;25.69
Javy Lopez;COL;Aler;79.33;212.80;36.32
Byung-Hyun Kim;COL;Base;72.98;171.00;28.11
Rodrigo Lopez;COL;Base;77.21;180.50;31.21
Brian Lawrence;COL;Base;76.15;187.15;30.8
Josh Fogg;COL;Base;76.15;192.85;30.21
Aaron Cook;COL;Base;79.33;194.75;28.06
Denny Bautista;COL;Base;81.44;161.50;26.52
Ubaldo Jimenez;COL;Base;80.38;190.00;23.1
Jason Hirsh;COL;Base;84.62;237.50;25.02
Jeff Francis;COL;Base;81.44;190.00;26.14
Taylor Buchholz;COL;Base;80.38;209.00;25.38
Ryan Speier;COL;Pivot;83.56;190.00;27.6
Ramon Ramirez;COL;Pivot;75.10;180.50;25.5
Manny Corpas;COL;Pivot;79.33;161.50;24.24
Juan Morillo;COL;Pivot;77.21;180.50;23.32
Brian Fuentes;COL;Pivot;80.38;209.00;31.56
LaTroy Hawkins;COL;Pivot;81.44;204.25;34.19
Tom Martin;COL;Pivot;77.21;195.70;36.78
Jeremy Affeldt;COL;Pivot;80.38;204.25;27.73
Paul Lo Duca;NYM;Base;74.04;175.75;34.88
Ramon Castro;NYM;Base;79.33;223.25;31
Julio Franco;NYM;Pivot;77.21;178.60;48.52
Carlos Delgado;NYM;Pivot;79.33;218.50;34.68
Jose Valentin;NYM;Aler;74.04;185.25;37.38
Anderson Hernandez;NYM;Aler;72.98;159.60;24.33
Damion Easley;NYM;Ala-pivot;75.10;180.50;37.3
Jose Reyes;NYM;Ala-pivot;76.15;152.00;23.72
David Wright;NYM;Aler;76.15;190.00;24.19
Ben Johnson;NYM;Escorta;77.21;190.00;25.7
Endy Chavez;NYM;Escorta;74.04;179.55;29.06
David Newhan;NYM;Escorta;74.04;171.00;33.48
Carlos Beltran;NYM;Escorta;77.21;180.50;29.85
Shawn Green;NYM;Escorta;80.38;190.00;34.3
Moises Alou;NYM;Escorta;79.33;209.00;40.66
Lastings Milledge;NYM;Escorta;76.15;177.65;21.9
Alay Soler;NYM;Base;77.21;228.00;27.39
Mike Pelfrey;NYM;Base;83.56;180.50;23.13
Pedro Martinez;NYM;Base;75.10;171.00;35.35
Tom Glavine;NYM;Base;76.15;175.75;40.93
Chan Ho Park;NYM;Base;78.27;199.50;33.67
Orlando Hernandez;NYM;Base;78.27;209.00;37.39
Dave Williams;NYM;Base;78.27;208.05;27.97
Oliver Perez;NYM;Base;76.15;180.50;25.54
John Maine;NYM;Base;80.38;183.35;25.81
Marcos Carvajal;NYM;Pivot;80.38;166.25;22.53
Ambiorix Burgos;NYM;Pivot;76.15;171.00;22.86
Jason Vargas;NYM;Pivot;76.15;204.25;24.07
Jon Adkins;NYM;Pivot;75.10;199.50;29.5
Juan Padilla;NYM;Pivot;76.15;190.00;30.03
Duaner Sanchez;NYM;Pivot;76.15;180.50;27.38
Pedro Feliciano;NYM;Pivot;74.04;175.75;30.51
Aaron Heilman;NYM;Pivot;81.44;209.00;28.3
Jorge Sosa;NYM;Pivot;78.27;161.50;29.84
Scott Schoeneweis;NYM;Pivot;76.15;185.25;33.41
Guillermo Mota;NYM;Pivot;80.38;194.75;33.6
Billy Wagner;NYM;Pivot;75.10;185.25;35.6
Philip Humber;NYM;Pivot;80.38;199.50;24.19
Brad Ausmus;HOU;Base;75.10;180.50;37.88
Humberto Quintero;HOU;Base;77.21;180.50;27.56
Hector Gimenez;HOU;Base;74.04;171.00;24.42
Lance Berkman;HOU;Pivot;77.21;209.00;31.05
Mike Lamb;HOU;Pivot;77.21;180.50;31.56
Mark Loretta;HOU;Aler;76.15;176.70;35.55
Craig Biggio;HOU;Aler;75.10;175.75;41.21
Brooks Conrad;HOU;Aler;75.10;180.50;27.12
Chris Burke;HOU;Aler;75.10;171.00;26.97
Eric Bruntlett;HOU;Aler;76.15;180.50;28.92
Adam Everett;HOU;Ala-pivot;76.15;161.50;30.06
Morgan Ensberg;HOU;Aler;78.27;199.50;31.51
Carlos Lee;HOU;Escorta;78.27;228.00;30.69
Jason Lane;HOU;Escorta;78.27;209.00;30.19
Orlando Palmeiro;HOU;Escorta;75.10;171.00;38.11
Luke Scott;HOU;Escorta;76.15;199.50;28.68
Charlton Jimerson;HOU;Escorta;79.33;199.50;27.44
Fernando Nieve;HOU;Base;76.15;185.25;24.63
Wandy Rodriguez;HOU;Base;75.10;152.00;28.11
Brandon Backe;HOU;Base;76.15;171.00;28.9
Matt Albers;HOU;Base;76.15;194.75;24.11
Woody Williams;HOU;Base;76.15;190.00;40.53
Roy Oswalt;HOU;Base;76.15;175.75;29.5
Jason Jennings;HOU;Base;78.27;232.75;28.62
Miguel Asencio;HOU;Pivot;78.27;180.50;26.42
Brad Lidge;HOU;Pivot;81.44;199.50;30.18
Trever Miller;HOU;Pivot;79.33;190.00;33.75
David Borkowski;HOU;Pivot;77.21;190.00;30.06
Dan Wheeler;HOU;Pivot;79.33;210.90;29.22
Paul Estrada;HOU;Pivot;77.21;204.25;24.47
Lincoln Holdzkom;HOU;Pivot;80.38;228.00;24.94
Chris Sampson;HOU;Pivot;76.15;161.50;28.77
Chad Qualls;HOU;Pivot;81.44;209.00;28.54
Ezequiel Astacio;HOU;Pivot;79.33;148.20;27.32
Mike Lieberthal;LA;Base;76.15;180.50;35.12
Russell Martin;LA;Base;75.10;191.90;24.04
Olmedo Saenz;LA;Pivot;75.10;209.95;36.39
James Loney;LA;Pivot;79.33;190.00;22.81
Nomar Garciaparra;LA;Pivot;76.15;180.50;33.6
Jeff Kent;LA;Aler;77.21;199.50;38.98
Ramon Martinez;LA;Aler;77.21;180.50;34.39
Marlon Anderson;LA;Aler;75.10;190.00;33.15
Rafael Furcal;LA;Ala-pivot;74.04;156.75;29.35
Wilson Betemit;LA;Aler;79.33;180.50;26.59
Andy LaRoche;LA;Aler;75.10;175.75;23.46
Matt Kemp;LA;Escorta;80.38;218.50;22.43
Andre Ethier;LA;Escorta;77.21;197.60;24.89
Delwyn Young;LA;Escorta;71.92;198.55;24.67
Jason Repko;LA;Escorta;75.10;166.25;26.17
Juan Pierre;LA;Escorta;76.15;171.00;29.54
Luis Gonzalez;LA;Escorta;78.27;190.00;39.49
Jason Schmidt;LA;Base;81.44;194.75;34.08
Randy Wolf;LA;Base;76.15;190.00;30.52
Brad Penny;LA;Base;80.38;237.50;28.77
Derek Lowe;LA;Base;82.50;199.50;33.75
Mark Hendrickson;LA;Base;85.67;218.50;32.69
Chad Billingsley;LA;Base;76.15;231.80;22.59
Takashi Saito;LA;Pivot;77.21;191.90;37.04
Jonathan Broxton;LA;Pivot;80.38;228.00;22.7
Hong-Chih Kuo;LA;Pivot;76.15;190.00;25.6
Eric Stults;LA;Pivot;76.15;204.25;27.23
Chin-Hui Tsao;LA;Pivot;78.27;168.15;25.74
Tim Hamulack;LA;Pivot;80.38;199.50;30.29
Yhency Brazoban;LA;Pivot;77.21;161.50;26.72
Brett Tomko;LA;Pivot;80.38;204.25;33.9
Joe Beimel;LA;Pivot;79.33;206.15;29.86
Elmer Dessens;LA;Pivot;74.04;188.10;36.13
Ryan Budde;PHI;Base;75.10;190.00;27.54
Rod Barajas;PHI;Base;78.27;209.00;31.49
Carlos Ruiz;PHI;Base;76.15;161.50;28.1
Chris Coste;PHI;Base;77.21;190.00;34.07
Ryan Howard;PHI;Pivot;80.38;218.50;27.28
Wes Helms;PHI;Pivot;80.38;219.45;30.8
Chase Utley;PHI;Aler;77.21;173.85;28.2
Danny Sandoval;PHI;Aler;75.10;182.40;27.9
Jimmy Rollins;PHI;Ala-pivot;71.92;158.65;28.26
Abraham Nu?ez;PHI;Aler;75.10;180.50;30.96
Michael Bourn;PHI;Escorta;75.10;171.00;24.18
Chris Roberson;PHI;Escorta;78.27;171.00;27.52
Jayson Werth;PHI;Escorta;81.44;204.25;27.78
Shane Victorino;PHI;Escorta;72.98;152.00;26.25
Aaron Rowand;PHI;Escorta;76.15;194.75;29.5
Pat Burrell;PHI;Escorta;80.38;211.85;30.39
Greg Dobbs;PHI;Aler;77.21;194.75;28.66
Cole Hamels;PHI;Base;79.33;166.25;23.18
Alfredo Simon;PHI;Base;80.38;161.50;25.81
Scott Mathieson;PHI;Base;79.33;180.50;23.01
Freddy Garcia;PHI;Base;80.38;228.00;31.72
Jamie Moyer;PHI;Base;76.15;166.25;44.28
Jon Lieber;PHI;Base;78.27;218.50;36.91
Brett Myers;PHI;Base;80.38;211.85;26.54
Adam Eaton;PHI;Base;78.27;186.20;29.27
Geoff Geary;PHI;Pivot;76.15;158.65;30.51
Clay Condrey;PHI;Pivot;79.33;185.25;31.28
Ryan Madson;PHI;Pivot;82.50;180.50;26.51
Antonio Alfonseca;PHI;Pivot;81.44;237.50;34.87
Tom Gordon;PHI;Pivot;74.04;180.50;39.28
Brian Sanches;PHI;Pivot;76.15;180.50;28.56
Jim Ed Warden;PHI;Pivot;83.56;180.50;27.82
Anderson Garcia;PHI;Pivot;78.27;161.50;25.94
Eude Brito;PHI;Pivot;75.10;152.00;28.53
Fabio Castro;PHI;Pivot;71.92;142.50;22.11
Matt Smith;PHI;Pivot;81.44;213.75;27.71
Damian Miller;MLW;Base;79.33;209.00;37.38
Johnny Estrada;MLW;Base;75.10;198.55;30.67
Mike Rivera;MLW;Base;76.15;199.50;30.48
J.D. Closser;MLW;Base;74.04;167.20;27.12
Prince Fielder;MLW;Pivot;76.15;247.00;22.81
Rickie Weeks;MLW;Aler;76.15;185.25;24.46
Tony Graffanino;MLW;Aler;77.21;180.50;34.73
Craig Counsell;MLW;Ala-pivot;76.15;174.80;36.53
J.J. Hardy;MLW;Ala-pivot;78.27;171.00;24.53
Bill Hall;MLW;Ala-pivot;76.15;185.25;27.17
Vinny Rottino;MLW;Aler;76.15;185.25;26.9
Corey Koskie;MLW;Aler;79.33;208.05;33.67
Kevin Mench;MLW;Escorta;76.15;213.75;29.14
Geoff Jenkins;MLW;Escorta;77.21;201.40;32.61
Brady Clark;MLW;Escorta;78.27;191.90;33.87
Tony Gwynn Jr.;MLW;Escorta;76.15;175.75;24.41
Corey Hart;MLW;Escorta;82.50;190.00;24.94
Gabe Gross;MLW;Escorta;79.33;198.55;27.36
Laynce Nix;MLW;Escorta;76.15;190.00;26.33
Drew Anderson;MLW;Escorta;78.27;185.25;25.72
Claudio Vargas;MLW;Base;79.33;216.60;28.7
Chris Capuano;MLW;Base;79.33;199.50;28.53
Ben Hendrickson;MLW;Base;80.38;180.50;26.07
Dave Bush;MLW;Base;78.27;201.40;27.31
Carlos Villanueva;MLW;Base;78.27;180.50;23.26
Ben Sheets;MLW;Base;77.21;207.10;28.62
Jeff Suppan;MLW;Base;78.27;209.00;32.16
Brian Shouse;MLW;Pivot;75.10;180.50;38.43
Francisco Cordero;MLW;Pivot;78.27;223.25;31.81
Derrick Turnbow;MLW;Pivot;79.33;199.50;29.1
Matt Wise;MLW;Pivot;80.38;190.00;31.28
Grant Balfour;MLW;Pivot;78.27;178.60;29.17
Dennis Sarfate;MLW;Pivot;80.38;199.50;25.89
Jose Capellan;MLW;Pivot;80.38;223.25;26.13
Greg Aquino;MLW;Pivot;77.21;178.60;29.13
Josh Bard;SD;Base;79.33;204.25;28.92
Rob Bowen;SD;Base;79.33;205.20;26.01
Adrian Gonzalez;SD;Pivot;78.27;209.00;24.81
Marcus Giles;SD;Aler;71.92;171.00;28.79
Todd Walker;SD;Aler;76.15;175.75;33.77
Geoff Blum;SD;Ala-pivot;79.33;190.00;33.85
Khalil Greene;SD;Ala-pivot;75.10;199.50;27.36
Paul McAnulty;SD;Escorta;74.04;209.00;26.01
Terrmel Sledge;SD;Escorta;76.15;175.75;29.95
Jack Cust;SD;Escorta;77.21;219.45;28.12
Jose Cruz Jr.;SD;Escorta;76.15;199.50;32.87
Russell Branyan;SD;Escorta;79.33;185.25;31.2
Mike Cameron;SD;Escorta;78.27;190.00;34.14
Brian Giles;SD;Escorta;74.04;194.75;36.11
Kevin Kouzmanoff;SD;Aler;77.21;190.00;25.6
Mike Thompson;SD;Base;80.38;190.00;26.31
Clay Hensley;SD;Base;75.10;180.50;27.5
Chris Young;SD;Base;86.73;237.50;27.77
Greg Maddux;SD;Base;76.15;175.75;40.88
Jake Peavy;SD;Base;77.21;171.00;25.75
Scott Cassidy;SD;Pivot;78.27;161.50;31.41
Scott Strickland;SD;Pivot;75.10;171.00;30.84
Scott Linebrink;SD;Pivot;79.33;197.60;30.57
Doug Brocail;SD;Pivot;81.44;223.25;39.79
Trevor Hoffman;SD;Pivot;76.15;204.25;39.38
Heath Bell;SD;Pivot;78.27;231.80;29.42
Royce Ring;SD;Pivot;76.15;209.00;26.19
Cla Meredith;SD;Pivot;77.21;175.75;23.74
Andrew Brown;SD;Pivot;82.50;218.50;26.03
Mike Adams;SD;Pivot;81.44;180.50;28.59
Justin Hampson;SD;Pivot;77.21;190.00;26.77
Kevin Cameron;SD;Pivot;77.21;171.00;27.21
Ryan Ketchner;SD;Pivot;77.21;180.50;24.87
Brian Schneider;WAS;Base;77.21;186.20;30.26
Jesus Flores;WAS;Base;77.21;171.00;22.34
Larry Broadway;WAS;Pivot;80.38;218.50;26.2
Nick Johnson;WAS;Pivot;79.33;212.80;28.45
Bernie Castro;WAS;Aler;74.04;152.00;27.63
Josh Wilson;WAS;Ala-pivot;77.21;169.10;25.93
Cristian Guzman;WAS;Ala-pivot;76.15;194.75;28.94
Felipe Lopez;WAS;Ala-pivot;77.21;175.75;26.8
Ryan Zimmerman;WAS;Aler;79.33;199.50;22.42
Nook Logan;WAS;Escorta;78.27;171.00;27.26
Ryan Church;WAS;Escorta;77.21;180.50;28.38
Kory Casto;WAS;Escorta;77.21;190.00;25.23
Mike Restovich;WAS;Escorta;80.38;244.15;28.16
Alex Escobar;WAS;Escorta;77.21;180.50;28.48
Austin Kearns;WAS;Escorta;79.33;209.00;26.78
Chris Snelling;WAS;Escorta;74.04;156.75;25.24
Billy Traber;WAS;Base;81.44;194.75;27.45
Tim Redding;WAS;Base;76.15;190.00;29.05
John Patterson;WAS;Base;81.44;197.60;29.08
Shawn Hill;WAS;Base;78.27;175.75;25.84
Joel Hanrahan;WAS;Base;79.33;204.25;25.4
Mike O'Connor;WAS;Base;79.33;161.50;26.54
Emiliano Fruto;WAS;Pivot;79.33;223.25;22.73
Chris Schroder;WAS;Pivot;79.33;199.50;28.53
Brett Campbell;WAS;Pivot;76.15;161.50;25.37
Beltran Perez;WAS;Pivot;78.27;171.00;25.35
Levale Speigner;WAS;Pivot;75.10;161.50;26.43
Jason Bergmann;WAS;Pivot;80.38;180.50;25.43
Saul Rivera;WAS;Pivot;75.10;142.50;29.23
Chris Booker;WAS;Pivot;79.33;218.50;30.22
Micah Bowie;WAS;Pivot;80.38;192.85;32.3
Jon Rauch;WAS;Pivot;87.79;247.00;28.42
Jerome Williams;WAS;Pivot;79.33;233.70;25.24
Luis Ayala;WAS;Pivot;78.27;176.70;29.13
Ryan Wagner;WAS;Pivot;80.38;199.50;24.63
Chad Cordero;WAS;Pivot;76.15;188.10;24.95
Humberto Cota;PIT;Base;76.15;199.50;28.06
Ronny Paulino;PIT;Base;79.33;204.25;25.86
Adam LaRoche;PIT;Pivot;79.33;171.00;27.32
Ryan Doumit;PIT;Pivot;76.15;190.00;25.91
Brad Eldred;PIT;Pivot;81.44;232.75;26.63
Jose Castillo;PIT;Aler;77.21;190.00;25.95
Jack Wilson;PIT;Ala-pivot;76.15;182.40;29.17
Freddy Sanchez;PIT;Aler;74.04;182.40;29.19
Jason Bay;PIT;Escorta;78.27;190.00;28.44
Jose Bautista;PIT;Escorta;76.15;182.40;26.36
Xavier Nady;PIT;Escorta;78.27;194.75;28.29
Jody Gerut;PIT;Escorta;76.15;180.50;29.45
Nate McLouth;PIT;Escorta;75.10;176.70;25.34
Chris Duffy;PIT;Escorta;74.04;161.50;26.86
Rajai Davis;PIT;Escorta;75.10;187.15;26.36
Shane Youman;PIT;Base;80.38;208.05;27.39
Yoslan Herrera;PIT;Base;78.27;190.00;25.84
Josh Shortslef;PIT;Base;80.38;209.00;25.08
Zach Duke;PIT;Base;78.27;196.65;23.87
Paul Maholm;PIT;Base;78.27;213.75;24.68
Tom Gorzelanny;PIT;Base;78.27;196.65;24.64
Shawn Chacon;PIT;Base;79.33;201.40;29.19
Tony Armas Jr.;PIT;Base;79.33;213.75;28.84
Ian Snell;PIT;Base;75.10;161.50;25.33
Sean Burnett;PIT;Base;75.10;180.50;24.45
John Grabow;PIT;Pivot;78.27;199.50;28.32
Marty McLeary;PIT;Pivot;81.44;218.50;32.34
Salomon Torres;PIT;Pivot;75.10;199.50;34.97
Damaso Marte;PIT;Pivot;78.27;190.00;32.04
Matt Capps;PIT;Pivot;79.33;226.10;23.49
Josh Sharpless;PIT;Pivot;81.44;222.30;26.09
Bryan Bullington;PIT;Pivot;80.38;210.90;26.41
Jonah Bayliss;PIT;Pivot;78.27;190.00;26.55
Brian Rogers;PIT;Pivot;80.38;180.50;24.62
Juan Perez;PIT;Pivot;76.15;161.50;28.49
Bengie Molina;SF;Base;75.10;209.00;32.61
Eliezer Alfonzo;SF;Base;76.15;211.85;28.06
Lance Niekro;SF;Pivot;79.33;199.50;28.08
Mark Sweeney;SF;Pivot;77.21;204.25;37.34
Ray Durham;SF;Aler;71.92;186.20;35.25
Kevin Frandsen;SF;Aler;76.15;166.25;24.77
Omar Vizquel;SF;Ala-pivot;72.98;166.25;39.85
Rich Aurilia;SF;Aler;77.21;179.55;35.49
Pedro Feliz;SF;Aler;77.21;194.75;31.84
Todd Linden;SF;Escorta;79.33;199.50;26.67
Dave Roberts;SF;Escorta;74.04;171.00;34.75
Jason Ellison;SF;Escorta;74.04;171.00;28.91
Randy Winn;SF;Escorta;78.27;187.15;32.73
Ryan Klesko;SF;Escorta;79.33;209.00;35.72
Barry Bonds;SF;Escorta;78.27;216.60;42.6
Fred Lewis;SF;Escorta;78.27;180.50;26.22
Kelyn Acosta;SF;Base;77.21;193.80;21.85
Jonathan Sanchez;SF;Base;78.27;156.75;24.28
Matt Cain;SF;Base;79.33;205.20;22.41
Matt Morris;SF;Base;81.44;209.00;32.56
Russ Ortiz;SF;Base;77.21;197.60;32.74
Noah Lowry;SF;Base;78.27;199.50;26.39
Barry Zito;SF;Base;80.38;204.25;28.8
Vinnie Chulk;SF;Pivot;78.27;185.25;28.2
Kevin Correia;SF;Pivot;79.33;190.00;26.52
Steve Kline;SF;Pivot;77.21;204.25;34.52
Armando Benitez;SF;Pivot;80.38;217.55;34.32
Scott Munter;SF;Pivot;82.50;228.00;26.98
Jack Taschner;SF;Pivot;79.33;196.65;28.86
Brian Wilson;SF;Pivot;77.21;194.75;24.96
Merkin Valdez;SF;Pivot;81.44;197.60;25.3
Brad Hennessey;SF;Pivot;78.27;175.75;27.06
Billy Sadler;SF;Pivot;76.15;180.50;25.44
Pat Misch;SF;Pivot;78.27;161.50;25.53
Gary Bennett;STL;Base;76.15;197.60;34.87
Yadier Molina;STL;Base;75.10;213.75;24.63
John Nelson;STL;Pivot;77.21;180.50;27.99
Albert Pujols;STL;Pivot;79.33;213.75;27.12
Adam Kennedy;STL;Aler;77.21;175.75;31.14
Aaron Miles;STL;Aler;70.87;171.00;30.21
David Eckstein;STL;Ala-pivot;70.87;156.75;32.11
Scott Rolen;STL;Aler;80.38;228.00;31.91
Scott Spiezio;STL;Aler;78.27;209.00;34.44
Jim Edmonds;STL;Escorta;77.21;201.40;36.68
So Taguchi;STL;Escorta;74.04;154.85;37.66
Juan Encarnacion;STL;Escorta;79.33;204.25;30.98
Skip Schumaker;STL;Escorta;74.04;166.25;27.07
John Rodriguez;STL;Escorta;76.15;194.75;29.11
Chris Duncan;STL;Escorta;81.44;199.50;25.82
Adam Wainwright;STL;Base;83.56;194.75;25.5
Mark Mulder;STL;Base;82.50;197.60;29.57
Anthony Reyes;STL;Base;78.27;204.25;25.37
Ryan Franklin;STL;Base;79.33;171.00;33.99
Kip Wells;STL;Base;79.33;190.00;29.86
Chris Carpenter;STL;Base;82.50;218.50;31.84
Russ Springer;STL;Pivot;80.38;200.45;38.31
Jason Isringhausen;STL;Pivot;79.33;218.50;34.48
Ricardo Rincon;STL;Pivot;72.98;180.50;36.88
Braden Looper;STL;Pivot;79.33;209.00;32.34
Randy Flores;STL;Pivot;76.15;171.00;31.58
Josh Hancock;STL;Pivot;79.33;194.75;28.89
Brad Thompson;STL;Pivot;77.21;180.50;25.08
Tyler Johnson;STL;Pivot;78.27;171.00;25.73
Chris Narveson;STL;Pivot;79.33;194.75;25.19
Randy Keisler;STL;Pivot;79.33;180.50;31.01
Josh Kinney;STL;Pivot;77.21;185.25;27.92
